session_id,frame_idx,timestamp_sec,mouth_visible,left_hand_visible,right_hand_visible,mouth_x,mouth_y,scale_ref,left_wrist_x,left_wrist_y,left_distance_wrist_mouth_norm,left_distance_index_mouth_norm,left_distance_middle_mouth_norm,left_distance_thumb_mouth_norm,left_thumb_index_dist_norm,left_index_middle_dist_norm,left_velocity_wrist_toward_mouth,left_speed_wrist_norm,delta_left_wrist_mouth_norm,right_wrist_x,right_wrist_y,right_distance_wrist_mouth_norm,right_distance_index_mouth_norm,right_distance_middle_mouth_norm,right_distance_thumb_mouth_norm,right_thumb_index_dist_norm,right_index_middle_dist_norm,right_velocity_wrist_toward_mouth,right_speed_wrist_norm,delta_right_wrist_mouth_norm
S004,0,0.0,1,1,0,0.3547336459159851,0.6389957070350647,0.6145898665448317,0.6027844548225403,0.975180983543396,0.6797891252086609,0.2278930126273934,0.3095682447908705,0.28144159196328955,0.1893383672068703,0.13699249634202923,,,,,,,,,,,,,,
S004,1,0.06666666666666667,1,1,0,0.34667930006980896,0.6561257243156433,0.625548293290783,0.6238608360290527,0.9831330180168152,0.6852809112638287,0.10559248382794727,0.2338184126755244,0.21648920292754947,0.25810441702657627,0.13967115527597584,-0.4722420439604166,0.5401650568906563,0.005491786055167869,,,,,,,,,,,
S004,2,0.13333333333333333,1,1,0,0.3647034168243408,0.685153067111969,0.6233948155915034,0.5894222259521484,1.0424443483352661,0.6770746537743595,0.18441098382053728,0.3057348133245837,0.25641936489493705,0.12671505709601105,0.12411356095526349,-0.7668822325032629,1.6502695509036103,-0.008206257489469237,,,,,,,,,,,
S004,3,0.2,1,1,0,0.3727855384349823,0.684300422668457,0.6187159208055162,0.5672189593315125,1.009704351425171,0.6126678796996394,0.17424209728219187,0.29956891260751883,0.2071692717386215,0.11805801129267922,0.12572745909794925,0.957476255746393,0.9590521311442702,-0.06440677407472006,,,,,,,,,,,
S004,4,0.26666666666666666,1,0,0,0.3684142827987671,0.6813549995422363,0.6203625903441014,,,,,,,,,,,,,,,,,,,,,,
S004,5,0.3333333333333333,1,0,0,0.3681780993938446,0.6814208030700684,0.6205548329966142,,,,,,,,,,,,,,,,,,,,,,
S004,6,0.4,1,0,0,0.3150354027748108,0.8424413800239563,0.7319501599196637,,,,,,,,,,,,,,,,,,,,,,
S004,7,0.4666666666666667,1,0,0,0.31507396697998047,0.8442772030830383,0.7279145000216573,,,,,,,,,,,,,,,,,,,,,,
S004,8,0.5333333333333333,0,0,0,,,,,,,,,,,,,,,,,,,,,,,,,
S004,9,0.6,0,0,0,,,,,,,,,,,,,,,,,,,,,,,,,
S004,10,0.6666666666666666,1,0,0,0.6284732818603516,0.6880643367767334,0.6321977443971941,,,,,,,,,,,,,,,,,,,,,,
S004,11,0.7333333333333333,1,0,0,0.4439964294433594,0.8565688729286194,0.6263692836468983,,,,,,,,,,,,,,,,,,,,,,
S004,12,0.8,1,0,0,0.44073039293289185,0.8546527028083801,0.6257959589182358,,,,,,,,,,,,,,,,,,,,,,
S004,13,0.8666666666666667,1,0,0,0.3759927749633789,0.7317009568214417,0.6357176763225897,,,,,,,,,,,,,,,,,,,,,,
S004,14,0.9333333333333333,1,0,0,0.37648606300354004,0.7267593741416931,0.640019468204388,,,,,,,,,,,,,,,,,,,,,,
S004,15,1.0,1,0,0,0.35587289929389954,0.5508975386619568,0.6744366226461264,,,,,,,,,,,,,,,,,,,,,,
S004,16,1.0666666666666667,1,0,0,0.3483818769454956,0.5518932342529297,0.6767123575367846,,,,,,,,,,,,,,,,,,,,,,
S004,17,1.1333333333333333,1,0,0,0.3417462706565857,0.5588672757148743,0.6479817558184711,,,,,,,,,,,,,,,,,,,,,,
S004,18,1.2,1,0,0,0.3427143692970276,0.556273877620697,0.6470733676256747,,,,,,,,,,,,,,,,,,,,,,
S004,19,1.2666666666666666,1,0,0,0.3763987123966217,0.49853426218032837,0.6072033339215596,,,,,,,,,,,,,,,,,,,,,,
S004,20,1.3333333333333333,1,0,0,0.2902078628540039,0.45431357622146606,0.48669391130566614,,,,,,,,,,,,,,,,,,,,,,
S004,21,1.4,1,0,0,0.2937949597835541,0.4539835453033447,0.48863349147624385,,,,,,,,,,,,,,,,,,,,,,
S004,22,1.4666666666666666,1,0,0,0.27218738198280334,0.42725127935409546,0.4830711817958681,,,,,,,,,,,,,,,,,,,,,,
S004,23,1.5333333333333334,1,0,0,0.2720603942871094,0.42768770456314087,0.48274469887467447,,,,,,,,,,,,,,,,,,,,,,
S004,24,1.6,1,0,0,0.30710142850875854,0.4262310862541199,0.5115435392664898,,,,,,,,,,,,,,,,,,,,,,
S004,25,1.6666666666666667,1,0,0,0.3063475787639618,0.42628157138824463,0.5094940995696084,,,,,,,,,,,,,,,,,,,,,,
S004,26,1.7333333333333334,1,0,0,0.3110658526420593,0.46890556812286377,0.4816145092197762,,,,,,,,,,,,,,,,,,,,,,
S004,27,1.8,1,0,0,0.3111680746078491,0.4697403311729431,0.4850466998534554,,,,,,,,,,,,,,,,,,,,,,
S004,28,1.8666666666666667,1,0,0,0.46481263637542725,0.5775125622749329,0.5141388235939047,,,,,,,,,,,,,,,,,,,,,,
S004,29,1.9333333333333333,1,1,0,0.4401562511920929,0.6389116644859314,0.5225881956495402,0.767649233341217,0.6273053884506226,0.6270684684784437,0.6542644508046936,0.41285556667357987,0.9456509704203708,0.29156125373301217,0.2544914218952812,,,,,,,,,,,,,,
S004,30,2.0,1,1,0,0.43976420164108276,0.6379609704017639,0.5226120808742374,0.8451955914497375,0.5801807045936584,0.7836175254074106,0.5894894114335055,0.302152570666933,0.8288088009298064,0.24187538929005248,0.3175874881693731,-2.394303510706585,2.6044847608842683,0.15654905692896692,,,,,,,,,,,
S004,31,2.066666666666667,1,1,0,0.4921953082084656,0.6209521889686584,0.4582536988004649,0.9102573394775391,0.4921303689479828,0.9546232270753573,0.6763959914525729,0.36787494204987015,0.8377443715710003,0.17307536344656674,0.3905777798101587,-2.8839577040595614,3.583607790817309,0.1710057016679467,,,,,,,,,,,
S004,32,2.1333333333333333,1,1,0,0.4911215007305145,0.6198484897613525,0.4576407959643724,0.9007000923156738,0.5388600826263428,0.9123071617824958,0.7544296849906935,0.36653386524671283,0.874111533144414,0.13180115678473686,0.4293688123229991,0.6044154155832899,1.5633560774307032,-0.04231606529286147,,,,,,,,,,,
S004,33,2.2,1,1,0,0.4526197016239166,0.7276623249053955,0.47819249043081063,0.8561081290245056,0.535477876663208,0.9346033862879953,0.6997406420811889,0.4192247858954547,0.8555819803402261,0.18080883379081164,0.35448055500342734,1.2172112161577209,1.4027838208788415,0.022296224505499507,,,,,,,,,,,
S004,34,2.2666666666666666,1,1,0,0.4558087885379791,0.7198643088340759,0.47636866354980223,0.8241665959358215,0.586420476436615,0.8224387239073089,0.7595836574322163,0.43246841015883014,0.8743535734517018,0.11801958015733938,0.3470078187040976,1.4920050656505648,1.8933323348521383,-0.11216466238068645,,,,,,,,,,,
S004,35,2.3333333333333335,1,1,0,0.3793368935585022,0.6898281574249268,0.4011787123221944,0.7677027583122253,0.6439314484596252,0.9747986715978907,0.8284783446509275,0.4748838021708461,0.921412720069347,0.09303036268499709,0.4137735425967127,2.348949923804837,3.0134610680591676,0.1523599476905818,,,,,,,,,,,
S004,36,2.4,1,1,0,0.3809550106525421,0.6905844211578369,0.4014795717412233,0.7653059959411621,0.6122307777404785,0.9770266966989988,0.8164638369524894,0.4999264267951203,0.8985847100385581,0.08245527394679597,0.3978174647966211,-0.14884142821478563,1.1877744986847683,0.0022280251011080887,,,,,,,,,,,
S004,37,2.466666666666667,1,1,0,0.36388877034187317,0.6977340579032898,0.4885333308934402,0.7326610088348389,0.5818968415260315,0.7912202853448265,0.7568996057534245,0.49263404025886537,0.8101738013972218,0.08108733788572542,0.2783738684774959,0.6771547446497117,1.3682627398104728,-0.1858064113541723,,,,,,,,,,,
S004,38,2.533333333333333,1,1,0,0.35672447085380554,0.6075890064239502,0.39788998403560616,0.7132629752159119,0.5377797484397888,0.9130877258665726,0.7690711031370175,0.44164754197885703,0.8223467027950437,0.06408020742268988,0.33157338117694063,0.39808204365802485,1.816835526751568,0.12186744052174614,,,,,,,,,,,
S004,39,2.6,1,1,0,0.36035946011543274,0.6093443036079407,0.40753551006539335,0.7004138231277466,0.5453048944473267,0.8490838335037981,0.7607206541315541,0.4360795418140196,0.8368233293566928,0.09563161956611278,0.3264330679863977,0.5160233457751161,0.5480707102448523,-0.06400389236277448,,,,,,,,,,,
S004,40,2.6666666666666665,1,1,0,0.3712056279182434,0.5607479214668274,0.3561297890750137,0.7114076018333435,0.5297213792800903,0.9592397786595599,0.8033132212672486,0.4240419118928506,1.0886171716898267,0.29180615679393873,0.45770593635977136,-0.5207521334542269,0.8032672288244616,0.11015594515576177,,,,,,,,,,,
S004,41,2.7333333333333334,1,1,0,0.3719289004802704,0.5609496235847473,0.3556778406146536,0.713891327381134,0.4982677102088928,0.9774569619085872,0.7939340678409815,0.4464422544127527,1.0470528124614489,0.2793397160271637,0.4915504083629309,-0.34219235440607754,1.3306246372799708,0.018217183249027324,,,,,,,,,,,
S004,42,2.8,1,1,0,0.34226617217063904,0.5860486030578613,0.35145482311104104,0.7017428874969482,0.5688280463218689,1.0239977558389224,0.7617418365638475,0.4646092616655174,0.9825087103767804,0.2394440365867535,0.4306700391478202,0.6619973658300657,3.0558053939094627,0.04654079393033517,,,,,,,,,,,
S004,43,2.8666666666666667,1,1,0,0.34284067153930664,0.5877336859703064,0.3530974998281962,0.7046682834625244,0.550971508026123,1.0299998184419428,0.7414975178577791,0.4208489641351037,0.9825700100338974,0.24242496058375249,0.4708782417924915,-0.20031446254658233,0.7686792788650061,0.006002062603020386,,,,,,,,,,,
S004,44,2.933333333333333,1,1,0,0.34153175354003906,0.60019451379776,0.33496826400602153,0.7003864645957947,0.5731310248374939,1.074351861521746,0.8275587439360942,0.4858180697549392,0.9930208842221571,0.17730076432245506,0.5066873063998273,0.2658229417082816,1.010666233037227,0.04435204307980323,,,,,,,,,,,
S004,45,3.0,1,1,0,0.34180179238319397,0.6001266837120056,0.33475035843278667,0.6944461464881897,0.5827901363372803,1.0547270045107593,0.8757708527636129,0.5317644849220465,1.0491216791344242,0.18714063344254425,0.4604801511518061,0.28711411477578774,0.5081205247194658,-0.019624857010986707,,,,,,,,,,,
S004,46,3.066666666666667,1,1,0,0.3473414182662964,0.6027860045433044,0.3490324967818109,0.7052562236785889,0.5538557767868042,1.0349865149626996,0.8184408365676519,0.5217393688845875,1.0015985738767041,0.19550918377276164,0.4244297919610937,-0.6287205075965225,1.3274313966797457,-0.019740489548059736,,,,,,,,,,,
S004,47,3.1333333333333333,1,1,0,0.3875703513622284,0.6271633505821228,0.37862501033915585,0.7369840741157532,0.5409294962882996,0.9505381669688633,0.7426002218735475,0.41355604682796404,0.9866433945649402,0.24631620591927217,0.34888565739049415,-1.3430508461133939,1.3572782176176932,-0.08444834799383627,,,,,,,,,,,
S004,48,3.2,1,1,0,0.3891490399837494,0.629764974117279,0.3725224228495118,0.7364429235458374,0.5557798743247986,0.9531965360276766,0.7408018920015422,0.4010343368721341,1.0269650969819903,0.2867714966308351,0.3440582237702934,0.14590248776938927,0.598362689128188,0.002658369058813337,,,,,,,,,,,
S004,49,3.2666666666666666,1,1,0,0.5174244046211243,0.6562678813934326,0.5060263446028969,0.7968270778656006,0.546314537525177,0.5933667498308399,0.7769382041844876,0.5361623609066478,0.876105705564182,0.10024074057075838,0.25556662503924155,-1.7683640885163525,1.8118080690194,-0.3598297861968367,,,,,,,,,,,
S004,50,3.3333333333333335,1,1,0,0.5062112808227539,0.6455674171447754,0.4777055937556389,0.8370085954666138,0.5166268348693848,0.7432167159375866,0.806343120327501,0.5624748217811372,0.9324709879206429,0.13677620304865576,0.28868277103013373,-1.5141051978915412,1.568721124517602,0.14984996610674672,,,,,,,,,,,
S004,51,3.4,1,1,0,0.5667304992675781,0.5954784750938416,0.5279671975991814,0.8389893770217896,0.5534460544586182,0.5217830577539869,0.8290046866770564,0.5131662914957825,0.9171791565930842,0.12854275517091693,0.32682436124674014,0.10398815525045985,1.0475781961077055,-0.22143365818359972,,,,,,,,,,,
S004,52,3.466666666666667,1,1,0,0.5657157301902771,0.5975114703178406,0.534942330731165,0.9019368290901184,0.4888693392276764,0.6605160528837621,0.7203136024954165,0.46995801966249856,0.8610296489578415,0.17869783669490227,0.28554080090105805,-2.236326176308753,2.5286995651274617,0.13873299512977522,,,,,,,,,,,
S004,53,3.533333333333333,1,1,0,0.5584393739700317,0.5573365688323975,0.4256270493715413,0.9313226342201233,0.45107486844062805,0.9109585733034491,0.750791931295246,0.513693034483926,1.0396232089313284,0.3314445473788435,0.3575091086159735,-1.3610053273397014,1.687191495167773,0.25044252041968695,,,,,,,,,,,
S004,54,3.6,1,1,0,0.5654276013374329,0.5553646683692932,0.42854989372971736,0.9173673391342163,0.5295697450637817,0.8234368459023745,0.75533934957164,0.5312964059825047,1.0531720127945219,0.39197097931855446,0.3971730094680551,0.6879855221722675,2.790541623555176,-0.08752172740107456,,,,,,,,,,,
S004,55,3.6666666666666665,1,0,0,0.5902460217475891,0.5936873555183411,0.5051229004883633,,,,,,,,,,,,,,,,,,,,,,
S004,56,3.7333333333333334,1,0,0,0.5793038010597229,0.5727627277374268,0.4436689743270042,,,,,,,,,,,,,,,,,,,,,,
S004,57,3.8,1,0,0,0.5848017334938049,0.5750274658203125,0.45106871067690707,,,,,,,,,,,,,,,,,,,,,,
S004,58,3.8666666666666667,1,0,0,0.6452100872993469,0.5797662138938904,0.4803036501010156,,,,,,,,,,,,,,,,,,,,,,
S004,59,3.933333333333333,1,0,0,0.6400514841079712,0.5867047309875488,0.47712376815825003,,,,,,,,,,,,,,,,,,,,,,
S004,60,4.0,1,0,0,0.589512050151825,0.6173818707466125,0.4868686777565946,,,,,,,,,,,,,,,,,,,,,,
S004,61,4.066666666666666,1,0,0,0.5828976631164551,0.6155383586883545,0.47754098262212064,,,,,,,,,,,,,,,,,,,,,,
S004,62,4.133333333333334,1,0,0,0.5332775712013245,0.6674817204475403,0.5467037578768249,,,,,,,,,,,,,,,,,,,,,,
S004,63,4.2,1,0,0,0.5339182019233704,0.6672961711883545,0.548781781946366,,,,,,,,,,,,,,,,,,,,,,
S004,64,4.266666666666667,1,0,0,0.4920886754989624,0.6651603579521179,0.4598176313755584,,,,,,,,,,,,,,,,,,,,,,
S004,65,4.333333333333333,1,0,0,0.4989277422428131,0.6975917816162109,0.48060134282124556,,,,,,,,,,,,,,,,,,,,,,
S004,66,4.4,1,0,0,0.4990827739238739,0.701687753200531,0.4814430132994095,,,,,,,,,,,,,,,,,,,,,,
S004,67,4.466666666666667,1,0,0,0.5271187424659729,0.717958390712738,0.5374689703794079,,,,,,,,,,,,,,,,,,,,,,
S004,68,4.533333333333333,1,0,0,0.527188241481781,0.7189902663230896,0.5380333508114604,,,,,,,,,,,,,,,,,,,,,,
S004,69,4.6,1,0,0,0.5397781729698181,0.7584187388420105,0.5662006970445094,,,,,,,,,,,,,,,,,,,,,,
S004,70,4.666666666666667,1,0,0,0.541849672794342,0.7587067484855652,0.5796810864565818,,,,,,,,,,,,,,,,,,,,,,
S004,71,4.733333333333333,1,0,0,0.5535769462585449,0.730773389339447,0.5622188410353305,,,,,,,,,,,,,,,,,,,,,,
S004,72,4.8,1,0,0,0.5521569848060608,0.7335212826728821,0.5608125541914695,,,,,,,,,,,,,,,,,,,,,,
S004,73,4.866666666666666,1,0,0,0.6287345886230469,0.7040165066719055,0.5644099399579977,,,,,,,,,,,,,,,,,,,,,,
S004,74,4.933333333333334,1,0,0,0.6450726389884949,0.6824421286582947,0.5235492876354869,,,,,,,,,,,,,,,,,,,,,,
S004,75,5.0,1,0,0,0.6480479836463928,0.6796444058418274,0.5258221727255025,,,,,,,,,,,,,,,,,,,,,,
S004,76,5.066666666666666,1,0,0,0.6994151473045349,0.7762361168861389,0.4534216042260469,,,,,,,,,,,,,,,,,,,,,,
S004,77,5.133333333333334,1,0,0,0.713748574256897,0.7753922343254089,0.44933509582560033,,,,,,,,,,,,,,,,,,,,,,
S004,78,5.2,1,0,0,0.6857683062553406,0.7839006781578064,0.4496683918344676,,,,,,,,,,,,,,,,,,,,,,
S004,79,5.266666666666667,1,0,0,0.6850583553314209,0.7863771915435791,0.44531732493433107,,,,,,,,,,,,,,,,,,,,,,
S004,80,5.333333333333333,1,0,0,0.6729102730751038,0.8117766380310059,0.4126713742499678,,,,,,,,,,,,,,,,,,,,,,
S004,81,5.4,1,0,0,0.6742793321609497,0.8129947185516357,0.4124016500532374,,,,,,,,,,,,,,,,,,,,,,
S004,82,5.466666666666667,0,0,0,,,,,,,,,,,,,,,,,,,,,,,,,
S004,83,5.533333333333333,0,0,0,,,,,,,,,,,,,,,,,,,,,,,,,
S004,84,5.6,1,0,0,0.7431139349937439,0.8020052909851074,0.5856383784139411,,,,,,,,,,,,,,,,,,,,,,
S004,85,5.666666666666667,1,0,0,0.5941340923309326,0.8068652749061584,0.49358132652292386,,,,,,,,,,,,,,,,,,,,,,
S004,86,5.733333333333333,1,0,0,0.5835323929786682,0.8058359026908875,0.49186191324388406,,,,,,,,,,,,,,,,,,,,,,
S004,87,5.8,1,0,0,0.4620021879673004,0.7805106043815613,0.595678698737783,,,,,,,,,,,,,,,,,,,,,,
S004,88,5.866666666666666,1,0,0,0.46357300877571106,0.7814263701438904,0.5927265206337817,,,,,,,,,,,,,,,,,,,,,,
S004,89,5.933333333333334,1,0,0,0.5965286493301392,0.7788538932800293,0.451431945750211,,,,,,,,,,,,,,,,,,,,,,
S004,90,6.0,1,0,0,0.5973763465881348,0.7783274054527283,0.44999294450129773,,,,,,,,,,,,,,,,,,,,,,
S004,91,6.066666666666666,1,0,0,0.4943733811378479,0.6756958365440369,0.3473922814525373,,,,,,,,,,,,,,,,,,,,,,
S004,92,6.133333333333334,1,0,0,0.5829004645347595,0.6954088807106018,0.4116964658965169,,,,,,,,,,,,,,,,,,,,,,
S004,93,6.2,1,0,0,0.5818958878517151,0.6945650577545166,0.4090731727291284,,,,,,,,,,,,,,,,,,,,,,
S004,94,6.266666666666667,0,0,0,,,,,,,,,,,,,,,,,,,,,,,,,
S004,95,6.333333333333333,0,0,0,,,,,,,,,,,,,,,,,,,,,,,,,
S004,96,6.4,1,0,0,0.5432957410812378,0.6396158337593079,0.6219454440696585,,,,,,,,,,,,,,,,,,,,,,
S004,97,6.466666666666667,1,0,0,0.5421971678733826,0.6371170878410339,0.621603398997831,,,,,,,,,,,,,,,,,,,,,,
S004,98,6.533333333333333,0,0,0,,,,,,,,,,,,,,,,,,,,,,,,,
S004,99,6.6,0,0,0,,,,,,,,,,,,,,,,,,,,,,,,,
S004,100,6.666666666666667,1,0,0,0.43105000257492065,0.7222700715065002,0.6175514825651938,,,,,,,,,,,,,,,,,,,,,,
S004,101,6.733333333333333,1,0,0,0.34063437581062317,0.6257901191711426,0.6067351832458577,,,,,,,,,,,,,,,,,,,,,,
S004,102,6.8,1,0,0,0.3437464237213135,0.6245333552360535,0.5951854309360166,,,,,,,,,,,,,,,,,,,,,,
S004,103,6.866666666666666,1,0,0,0.4794463813304901,0.7310529351234436,0.6068307580495614,,,,,,,,,,,,,,,,,,,,,,
S004,104,6.933333333333334,1,0,0,0.4802153706550598,0.7357954382896423,0.6091097450280282,,,,,,,,,,,,,,,,,,,,,,
S004,105,7.0,1,0,0,0.5000888109207153,0.7297726273536682,0.6288044999926857,,,,,,,,,,,,,,,,,,,,,,
S004,106,7.066666666666666,1,0,0,0.5096377730369568,0.7363288998603821,0.6313880632250395,,,,,,,,,,,,,,,,,,,,,,
S004,107,7.133333333333334,1,0,0,0.5670616626739502,0.7412170767784119,0.6538771085712444,,,,,,,,,,,,,,,,,,,,,,
S004,108,7.2,1,0,0,0.5721122026443481,0.7478838562965393,0.6497726186381152,,,,,,,,,,,,,,,,,,,,,,
S004,109,7.266666666666667,1,0,0,0.6116183996200562,0.6909124851226807,0.5855372992265028,,,,,,,,,,,,,,,,,,,,,,
S004,110,7.333333333333333,1,0,0,0.6430814266204834,0.7165551781654358,0.6604734185719203,,,,,,,,,,,,,,,,,,,,,,
S004,111,7.4,1,0,0,0.6397953033447266,0.7116594314575195,0.6567364638503561,,,,,,,,,,,,,,,,,,,,,,
S004,112,7.466666666666667,1,0,0,0.6400744318962097,0.6202824711799622,0.4305240896935736,,,,,,,,,,,,,,,,,,,,,,
S004,113,7.533333333333333,1,0,0,0.6474435329437256,0.6211705207824707,0.42165118237334265,,,,,,,,,,,,,,,,,,,,,,
S004,114,7.6,1,0,0,0.6670308113098145,0.614105224609375,0.5509224565480156,,,,,,,,,,,,,,,,,,,,,,
S004,115,7.666666666666667,1,0,0,0.6632447838783264,0.6156857013702393,0.5534997385780768,,,,,,,,,,,,,,,,,,,,,,
S004,116,7.733333333333333,1,0,0,0.6576001644134521,0.6499246954917908,0.6453338605104395,,,,,,,,,,,,,,,,,,,,,,
S004,117,7.8,1,0,0,0.6585440039634705,0.6494717001914978,0.6464425696014126,,,,,,,,,,,,,,,,,,,,,,
S004,118,7.866666666666666,1,0,0,0.5486634969711304,0.7373945116996765,0.6844224661784295,,,,,,,,,,,,,,,,,,,,,,
S004,119,7.933333333333334,1,0,0,0.4262150228023529,0.8862321972846985,0.7126307138460866,,,,,,,,,,,,,,,,,,,,,,
S004,120,8.0,1,0,0,0.431335985660553,0.8927658200263977,0.7089261148956237,,,,,,,,,,,,,,,,,,,,,,
S004,121,8.066666666666666,1,0,0,0.49353569746017456,0.8859770894050598,0.6513068466086696,,,,,,,,,,,,,,,,,,,,,,
S004,122,8.133333333333333,1,0,0,0.4606899619102478,0.849328339099884,0.649728361922033,,,,,,,,,,,,,,,,,,,,,,
S004,123,8.2,0,0,0,,,,,,,,,,,,,,,,,,,,,,,,,
S004,124,8.266666666666667,0,0,0,,,,,,,,,,,,,,,,,,,,,,,,,
S004,125,8.333333333333334,1,0,0,0.7548630237579346,0.6857022643089294,0.6771837937693035,,,,,,,,,,,,,,,,,,,,,,
S004,126,8.4,1,0,0,0.7551546692848206,0.6854413151741028,0.6765410763774544,,,,,,,,,,,,,,,,,,,,,,
S004,127,8.466666666666667,0,0,0,,,,,,,,,,,,,,,,,,,,,,,,,
S004,128,8.533333333333333,1,0,0,0.8308009505271912,0.627479076385498,0.6371269145269429,,,,,,,,,,,,,,,,,,,,,,
S004,129,8.6,1,0,0,0.8329861164093018,0.6347344517707825,0.6395265625179984,,,,,,,,,,,,,,,,,,,,,,
S004,130,8.666666666666666,1,0,0,0.7376508712768555,0.6511430740356445,0.7202631845835644,,,,,,,,,,,,,,,,,,,,,,
S004,131,8.733333333333333,1,0,0,0.734792947769165,0.6451401710510254,0.7264240192685277,,,,,,,,,,,,,,,,,,,,,,
S004,132,8.8,0,0,0,,,,,,,,,,,,,,,,,,,,,,,,,
S004,133,8.866666666666667,0,0,0,,,,,,,,,,,,,,,,,,,,,,,,,
S004,134,8.933333333333334,1,0,0,0.6310335993766785,0.7587113976478577,0.7456658578889054,,,,,,,,,,,,,,,,,,,,,,
S004,135,9.0,1,0,0,0.6281037926673889,0.7556241154670715,0.7411834253094186,,,,,,,,,,,,,,,,,,,,,,
S004,136,9.066666666666666,1,0,0,0.5935602188110352,0.7614902853965759,0.7184858919170597,,,,,,,,,,,,,,,,,,,,,,
S004,137,9.133333333333333,1,0,0,0.571338415145874,0.7519187927246094,0.6842547060809917,,,,,,,,,,,,,,,,,,,,,,
S004,138,9.2,1,0,0,0.5699396729469299,0.7526964545249939,0.6853885312365002,,,,,,,,,,,,,,,,,,,,,,
S004,139,9.266666666666667,1,0,0,0.5657196044921875,0.736609697341919,0.7044897526227281,,,,,,,,,,,,,,,,,,,,,,
S004,140,9.333333333333334,1,0,0,0.5644583106040955,0.7384329438209534,0.7001475479503945,,,,,,,,,,,,,,,,,,,,,,
S004,141,9.4,1,0,0,0.5435386300086975,0.6882850527763367,0.6130722801741904,,,,,,,,,,,,,,,,,,,,,,
S004,142,9.466666666666667,1,0,0,0.5448473691940308,0.6905328631401062,0.6138325599901324,,,,,,,,,,,,,,,,,,,,,,
S004,143,9.533333333333333,1,0,0,0.5406721830368042,0.6897763609886169,0.6131669095655027,,,,,,,,,,,,,,,,,,,,,,
S004,144,9.6,1,0,0,0.5429814457893372,0.6908345818519592,0.6125240154504568,,,,,,,,,,,,,,,,,,,,,,
S004,145,9.666666666666666,1,0,0,0.5484180450439453,0.6888859868049622,0.6191650371665125,,,,,,,,,,,,,,,,,,,,,,
S004,146,9.733333333333333,1,0,0,0.5506426692008972,0.6777146458625793,0.6108581463615079,,,,,,,,,,,,,,,,,,,,,,
S004,147,9.8,1,0,0,0.5519470572471619,0.6877210736274719,0.5897538060845819,,,,,,,,,,,,,,,,,,,,,,
S004,148,9.866666666666667,1,0,0,0.5645440816879272,0.7088082432746887,0.6039519928093737,,,,,,,,,,,,,,,,,,,,,,
S004,149,9.933333333333334,1,0,0,0.5643736720085144,0.7099773287773132,0.6051697612609955,,,,,,,,,,,,,,,,,,,,,,
S004,150,10.0,1,0,0,0.5728314518928528,0.7082796692848206,0.6194671910195654,,,,,,,,,,,,,,,,,,,,,,
S004,151,10.066666666666666,1,0,0,0.5729423761367798,0.7084167003631592,0.6223068733727134,,,,,,,,,,,,,,,,,,,,,,
S004,152,10.133333333333333,1,0,0,0.5704814791679382,0.7091057300567627,0.6188004295572901,,,,,,,,,,,,,,,,,,,,,,
S004,153,10.2,1,0,0,0.5688474774360657,0.7121606469154358,0.6181490341778281,,,,,,,,,,,,,,,,,,,,,,
S004,154,10.266666666666667,1,0,0,0.5827803611755371,0.7638792991638184,0.6720515368758513,,,,,,,,,,,,,,,,,,,,,,
S004,155,10.333333333333334,1,0,0,0.5818595290184021,0.7633132338523865,0.6721092259601477,,,,,,,,,,,,,,,,,,,,,,
S004,156,10.4,1,0,1,0.5605508685112,0.726205587387085,0.6040185730984168,,,,,,,,,,,,0.35241422057151794,0.43344229459762573,0.5946988403254452,0.362223444209284,0.15847039607121652,0.3509790859221066,0.02617879943357176,0.21022135884302398,,,
S004,157,10.466666666666667,1,0,1,0.542738139629364,0.7613131403923035,0.6172717139975433,,,,,,,,,,,,0.3207013010978699,0.4877994656562805,0.5707253530755207,0.4566700158143682,0.35588821978183965,0.3890973056090826,0.09414703279628917,0.10915865329492948,0.539822284431406,1.5292730274349189,-0.02397348724992443
S004,158,10.533333333333333,1,0,1,0.5401952266693115,0.7590057253837585,0.6127406485288615,,,,,,,,,,,,0.32828307151794434,0.5326088666915894,0.5060876358162057,0.44961466944913964,0.33977104958135507,0.43826599809593564,0.05410168914549511,0.11944044723464428,0.9276857920073727,1.1125333627642318,-0.064637717259315
S004,159,10.6,1,0,1,0.5444398522377014,0.7647548317909241,0.6111532046413991,,,,,,,,,,,,0.3372024595737457,0.5161911249160767,0.529526936299483,0.3586743297119624,0.16361807765497702,0.4432260282264823,0.09700885246252317,0.2077297607562873,-0.16930886716683546,0.4585795428674739,0.023439300483277248
S004,160,10.666666666666666,1,0,1,0.5458178520202637,0.7621880173683167,0.6098187013893192,,,,,,,,,,,,0.35695040225982666,0.450452983379364,0.5976947764105739,0.3779550814444262,0.2049086135496982,0.3883064696492132,0.013468341392420095,0.17480041824282944,-1.131268376363006,1.6883769065464662,0.0681678401110909
S004,161,10.733333333333333,1,0,1,0.541541576385498,0.706730306148529,0.6117436914035638,,,,,,,,,,,,0.34024375677108765,0.4757359027862549,0.5008587347643265,0.4234259181187006,0.3008781065741541,0.3806550148442151,0.06973498888696529,0.12319231017780315,0.19824322557926893,0.74305855972618,-0.09683604164624737
S004,162,10.8,1,0,1,0.5432642102241516,0.7052690982818604,0.6111269049124604,,,,,,,,,,,,0.3504752516746521,0.49112996459007263,0.47148534952411514,0.385055949012854,0.2017030479882652,0.4827548865006735,0.09810462737464293,0.18417301842794018,0.44883596365999184,0.4536880306351603,-0.02937338524021138
S004,163,10.866666666666667,1,0,1,0.5245110392570496,0.7112880349159241,0.6579164784068797,,,,,,,,,,,,0.36800718307495117,0.46437203884124756,0.44433767170792393,0.31447833702757233,0.15595475430413305,0.5059321840684293,0.20170188626079188,0.16910702645410539,-0.30128506751011463,0.7293461542035572,-0.027147677816191207
S004,164,10.933333333333334,1,0,0,0.5247727036476135,0.7109958529472351,0.6575919157386999,,,,,,,,,,,,,,,,,,,,,,
S004,165,11.0,1,0,1,0.4966655671596527,0.6456754207611084,0.5946565525969638,,,,,,,,,,,,0.806851863861084,0.5941410660743713,0.5287726402072717,0.33689932872345596,0.16349381734270207,0.5652889136944992,0.23531681581754582,0.25210852231410275,,,
S004,166,11.066666666666666,1,0,0,0.5360585451126099,0.6671659350395203,0.6698770972628284,,,,,,,,,,,,,,,,,,,,,,
S004,167,11.133333333333333,1,0,0,0.5360420346260071,0.6656785607337952,0.6696482155349573,,,,,,,,,,,,,,,,,,,,,,
S004,168,11.2,1,0,0,0.3956518769264221,0.8073185086250305,0.5983535007035001,,,,,,,,,,,,,,,,,,,,,,
S004,169,11.266666666666667,1,0,0,0.39533674716949463,0.8064314723014832,0.5972248844218411,,,,,,,,,,,,,,,,,,,,,,
S004,170,11.333333333333334,1,0,0,0.4082859754562378,0.736136257648468,0.5051058091348788,,,,,,,,,,,,,,,,,,,,,,
S004,171,11.4,1,0,0,0.4101096987724304,0.7402315139770508,0.5213526337241329,,,,,,,,,,,,,,,,,,,,,,
S004,172,11.466666666666667,1,0,0,0.4023606479167938,0.712510883808136,0.5397020332910818,,,,,,,,,,,,,,,,,,,,,,
S004,173,11.533333333333333,1,0,0,0.4034620523452759,0.7111507058143616,0.539471873437696,,,,,,,,,,,,,,,,,,,,,,
S004,174,11.6,1,0,0,0.44441622495651245,0.7267851233482361,0.5911125416722529,,,,,,,,,,,,,,,,,,,,,,
S004,175,11.666666666666666,1,0,0,0.5141708254814148,0.7323884963989258,0.5695597409736752,,,,,,,,,,,,,,,,,,,,,,
S004,176,11.733333333333333,1,0,0,0.5097993612289429,0.737925112247467,0.565067980418344,,,,,,,,,,,,,,,,,,,,,,
S004,177,11.8,1,0,0,0.5987061858177185,0.6634703278541565,0.4694736738882908,,,,,,,,,,,,,,,,,,,,,,
S004,178,11.866666666666667,1,0,0,0.5986727476119995,0.654548704624176,0.4649987005970051,,,,,,,,,,,,,,,,,,,,,,
S004,179,11.933333333333334,1,0,0,0.6147848963737488,0.6275128722190857,0.41624447780796653,,,,,,,,,,,,,,,,,,,,,,
S004,180,12.0,1,0,0,0.6165714263916016,0.6278013586997986,0.4169368895125127,,,,,,,,,,,,,,,,,,,,,,
S004,181,12.066666666666666,1,0,0,0.6418091058731079,0.6198028922080994,0.3913795492249159,,,,,,,,,,,,,,,,,,,,,,
S004,182,12.133333333333333,1,0,0,0.6376159191131592,0.6103140711784363,0.3697761539266296,,,,,,,,,,,,,,,,,,,,,,
S004,183,12.2,1,0,0,0.643164336681366,0.5886706709861755,0.4187634724930367,,,,,,,,,,,,,,,,,,,,,,
S004,184,12.266666666666667,1,0,0,0.6133646965026855,0.540468156337738,0.369787954604951,,,,,,,,,,,,,,,,,,,,,,
S004,185,12.333333333333334,1,0,0,0.6159407496452332,0.5417301654815674,0.36819807440704466,,,,,,,,,,,,,,,,,,,,,,
S004,186,12.4,1,0,0,0.5564370155334473,0.38147711753845215,0.39613249300982567,,,,,,,,,,,,,,,,,,,,,,
S004,187,12.466666666666667,1,0,0,0.5593045353889465,0.3720168471336365,0.39291092684328666,,,,,,,,,,,,,,,,,,,,,,
S004,188,12.533333333333333,0,0,0,,,,,,,,,,,,,,,,,,,,,,,,,
S004,189,12.6,0,0,0,,,,,,,,,,,,,,,,,,,,,,,,,
S004,190,12.666666666666666,0,0,0,,,,,,,,,,,,,,,,,,,,,,,,,
S004,191,12.733333333333333,0,0,0,,,,,,,,,,,,,,,,,,,,,,,,,
S004,192,12.8,0,0,0,,,,,,,,,,,,,,,,,,,,,,,,,
S004,193,12.866666666666667,0,1,0,,,,0.9636904001235962,0.09414863586425781,,,,,,,,,,,,,,,,,,,,
S004,194,12.933333333333334,0,0,0,,,,,,,,,,,,,,,,,,,,,,,,,
S004,195,13.0,0,0,0,,,,,,,,,,,,,,,,,,,,,,,,,
S004,196,13.066666666666666,0,0,0,,,,,,,,,,,,,,,,,,,,,,,,,
S004,197,13.133333333333333,1,0,0,0.6392402052879333,0.5874380469322205,0.5285710773425717,,,,,,,,,,,,,,,,,,,,,,
S004,198,13.2,1,0,0,0.6325533986091614,0.581368625164032,0.5036702887501201,,,,,,,,,,,,,,,,,,,,,,
S004,199,13.266666666666667,0,0,0,,,,,,,,,,,,,,,,,,,,,,,,,
S004,200,13.333333333333334,0,0,0,,,,,,,,,,,,,,,,,,,,,,,,,
S004,201,13.4,1,0,0,0.6203896999359131,0.5550599098205566,0.5498784985398223,,,,,,,,,,,,,,,,,,,,,,
S004,202,13.466666666666667,1,0,0,0.6046408414840698,0.7337772846221924,0.7039815616981134,,,,,,,,,,,,,,,,,,,,,,
S004,203,13.533333333333333,1,0,0,0.6057471036911011,0.7362947463989258,0.7043178167602073,,,,,,,,,,,,,,,,,,,,,,
S004,204,13.6,1,0,0,0.6140211820602417,0.7251043319702148,0.6008467534992656,,,,,,,,,,,,,,,,,,,,,,
S004,205,13.666666666666666,1,0,0,0.6168408989906311,0.7203195095062256,0.595602539435531,,,,,,,,,,,,,,,,,,,,,,
S004,206,13.733333333333333,1,0,0,0.5496687889099121,0.6932581067085266,0.7634806274743546,,,,,,,,,,,,,,,,,,,,,,
S004,207,13.8,1,0,0,0.5405700206756592,0.681412398815155,0.7610436166743639,,,,,,,,,,,,,,,,,,,,,,
S004,208,13.866666666666667,1,0,0,0.488761842250824,0.5480356216430664,0.7041549258257055,,,,,,,,,,,,,,,,,,,,,,
S004,209,13.933333333333334,1,0,0,0.4865036606788635,0.5463387966156006,0.7000917271987762,,,,,,,,,,,,,,,,,,,,,,
S004,210,14.0,1,0,0,0.5108094811439514,0.5097361207008362,0.6865845459167061,,,,,,,,,,,,,,,,,,,,,,
S004,211,14.066666666666666,1,0,0,0.5135709643363953,0.4160116910934448,0.5139765499930093,,,,,,,,,,,,,,,,,,,,,,
S004,212,14.133333333333333,1,0,0,0.514255166053772,0.42342036962509155,0.5141413941399712,,,,,,,,,,,,,,,,,,,,,,
S004,213,14.2,1,0,0,0.5583769679069519,0.4524827003479004,0.5131329547640304,,,,,,,,,,,,,,,,,,,,,,
S004,214,14.266666666666667,1,0,0,0.5624794960021973,0.4511166214942932,0.5133222760978982,,,,,,,,,,,,,,,,,,,,,,
S004,215,14.333333333333334,1,0,0,0.46001821756362915,0.42897969484329224,0.511841341702481,,,,,,,,,,,,,,,,,,,,,,
S004,216,14.4,1,0,0,0.47072210907936096,0.4335319399833679,0.47506144469148504,,,,,,,,,,,,,,,,,,,,,,
S004,217,14.466666666666667,1,0,0,0.5094606280326843,0.5041484832763672,0.40806290944477547,,,,,,,,,,,,,,,,,,,,,,
S004,218,14.533333333333333,1,0,0,0.5015699863433838,0.5053974986076355,0.4164758221702579,,,,,,,,,,,,,,,,,,,,,,
S004,219,14.6,1,0,0,0.4918949604034424,0.5462661385536194,0.544931490725885,,,,,,,,,,,,,,,,,,,,,,
S004,220,14.666666666666666,1,0,0,0.4798644483089447,0.5674242973327637,0.4878343944534757,,,,,,,,,,,,,,,,,,,,,,
S004,221,14.733333333333333,1,0,0,0.4744455814361572,0.5688101649284363,0.4803637472662271,,,,,,,,,,,,,,,,,,,,,,
S004,222,14.8,1,0,0,0.5725976824760437,0.6272368431091309,0.5480846306245643,,,,,,,,,,,,,,,,,,,,,,
S004,223,14.866666666666667,1,0,0,0.5681069493293762,0.6251022219657898,0.5460614043451065,,,,,,,,,,,,,,,,,,,,,,
S004,224,14.933333333333334,1,0,0,0.5669606328010559,0.8684034943580627,0.7833240384770925,,,,,,,,,,,,,,,,,,,,,,
S004,225,15.0,1,0,0,0.558900773525238,0.8678619265556335,0.7815708128183886,,,,,,,,,,,,,,,,,,,,,,
S004,226,15.066666666666666,1,0,0,0.45816415548324585,0.8044864535331726,0.6131997714127255,,,,,,,,,,,,,,,,,,,,,,
S004,227,15.133333333333333,1,0,0,0.457120418548584,0.8042475581169128,0.6126114424289222,,,,,,,,,,,,,,,,,,,,,,
S004,228,15.2,1,0,0,0.36209720373153687,0.7110180258750916,0.5012285133830174,,,,,,,,,,,,,,,,,,,,,,
S004,229,15.266666666666667,1,0,0,0.3710750341415405,0.7461767792701721,0.42129035648801505,,,,,,,,,,,,,,,,,,,,,,
S004,230,15.333333333333334,1,0,0,0.37118852138519287,0.7565197944641113,0.4301147272592968,,,,,,,,,,,,,,,,,,,,,,
S004,231,15.4,1,0,0,0.3897462487220764,0.7002317905426025,0.42277218902729635,,,,,,,,,,,,,,,,,,,,,,
S004,232,15.466666666666667,1,0,0,0.3922150731086731,0.7000181078910828,0.4228456776352933,,,,,,,,,,,,,,,,,,,,,,
S004,233,15.533333333333333,1,0,0,0.40279293060302734,0.6950729489326477,0.39532367337401547,,,,,,,,,,,,,,,,,,,,,,
S004,234,15.6,1,0,0,0.40182602405548096,0.6982656121253967,0.4033199233985657,,,,,,,,,,,,,,,,,,,,,,
S004,235,15.666666666666666,1,0,0,0.43498533964157104,0.7485105991363525,0.5133330582612846,,,,,,,,,,,,,,,,,,,,,,
S004,236,15.733333333333333,1,0,0,0.4321179687976837,0.7475461363792419,0.5108546146493803,,,,,,,,,,,,,,,,,,,,,,
S004,237,15.8,1,0,0,0.40587592124938965,0.7032905220985413,0.5856380042054458,,,,,,,,,,,,,,,,,,,,,,
S004,238,15.866666666666667,1,1,0,0.39968347549438477,0.6479895710945129,0.5575294939624991,0.7568464279174805,0.5956234335899353,0.6474660547766842,0.6818906175454172,0.31743615656143404,0.9087935590544016,0.2409971779904496,0.40559032901723335,,,,,,,,,,,,,,
S004,239,15.933333333333334,1,0,0,0.4063599705696106,0.6515094637870789,0.5615439797744453,,,,,,,,,,,,,,,,,,,,,,
S004,240,16.0,1,0,0,0.4291810095310211,0.6264687180519104,0.5102034881622016,,,,,,,,,,,,,,,,,,,,,,
S004,241,16.066666666666666,1,0,0,0.4270593523979187,0.6264467835426331,0.5082528404288283,,,,,,,,,,,,,,,,,,,,,,
S004,242,16.133333333333333,1,1,0,0.4459928572177887,0.6282746195793152,0.5954756664510577,0.8349875211715698,0.6090288758277893,0.654049346168805,0.6072687589550194,0.2653053902618861,0.7158564139121882,0.11838316839269397,0.3737618139686705,,,,,,,,,,,,,,
S004,243,16.2,1,0,1,0.43511486053466797,0.6236228942871094,0.5995946386884483,,,,,,,,,,,,0.8682311773300171,0.5735589265823364,0.727158212982264,0.6202995904526517,0.2986445081463988,0.7151828062645623,0.1759524770660214,0.3985619371117591,,,
S004,244,16.266666666666666,1,1,0,0.4268190562725067,0.6178603172302246,0.6366312844997625,0.8872461318969727,0.5547518730163574,0.7299860096790447,0.5796603747459081,0.3240679112359881,0.5769758354854017,0.13440327009416633,0.2988022861268208,,,,,,,,,,,,,,
S004,245,16.333333333333332,1,1,0,0.42694172263145447,0.6171298623085022,0.6338530908908175,0.8813563585281372,0.5400559306144714,0.7271473607259062,0.5414304956445202,0.29750262219464757,0.57256785279354,0.1982979482816164,0.30912855236219944,0.07926137179605316,0.37466687429403894,-0.0028386489531384562,,,,,,,,,,,
S004,246,16.4,1,0,0,0.47262704372406006,0.6182681918144226,0.6811706385478972,,,,,,,,,,,,,,,,,,,,,,
S004,247,16.466666666666665,1,0,0,0.5142263174057007,0.6456900238990784,0.6382095611604575,,,,,,,,,,,,,,,,,,,,,,
S004,248,16.533333333333335,1,0,0,0.5197625756263733,0.6438000202178955,0.6335659100949143,,,,,,,,,,,,,,,,,,,,,,
S004,249,16.6,1,0,0,0.5196582078933716,0.6951987743377686,0.6266130040836634,,,,,,,,,,,,,,,,,,,,,,
S004,250,16.666666666666668,1,0,0,0.5295397043228149,0.6945376992225647,0.6287156356746496,,,,,,,,,,,,,,,,,,,,,,
S004,251,16.733333333333334,1,0,0,0.4645574688911438,0.6594595313072205,0.5371038846668325,,,,,,,,,,,,,,,,,,,,,,
S004,252,16.8,1,0,0,0.46600303053855896,0.6568425297737122,0.5260878905594787,,,,,,,,,,,,,,,,,,,,,,
S004,253,16.866666666666667,1,0,0,0.49203434586524963,0.721490204334259,0.5850910633495882,,,,,,,,,,,,,,,,,,,,,,
S004,254,16.933333333333334,1,0,0,0.48996618390083313,0.7276139855384827,0.5847343668737989,,,,,,,,,,,,,,,,,,,,,,
S004,255,17.0,1,0,0,0.4992118179798126,0.7559692859649658,0.6326793511192184,,,,,,,,,,,,,,,,,,,,,,
S004,256,17.066666666666666,1,0,0,0.48606008291244507,0.6526009440422058,0.47570487331871913,,,,,,,,,,,,,,,,,,,,,,
S004,257,17.133333333333333,1,0,0,0.481723427772522,0.6530091166496277,0.47568847090690497,,,,,,,,,,,,,,,,,,,,,,
S004,258,17.2,1,0,0,0.4817923903465271,0.7431981563568115,0.47655528895541116,,,,,,,,,,,,,,,,,,,,,,
S004,259,17.266666666666666,1,0,0,0.4947652220726013,0.733837902545929,0.49395128633165186,,,,,,,,,,,,,,,,,,,,,,
S004,260,17.333333333333332,1,0,0,0.5027875900268555,0.8204045295715332,0.5596098870719379,,,,,,,,,,,,,,,,,,,,,,
S004,261,17.4,1,0,0,0.5053388476371765,0.8406762480735779,0.5710335687351887,,,,,,,,,,,,,,,,,,,,,,
S004,262,17.466666666666665,1,0,0,0.2642476260662079,0.7778447270393372,0.5868604483244313,,,,,,,,,,,,,,,,,,,,,,
S004,263,17.533333333333335,1,0,0,0.281909704208374,0.7843900322914124,0.5464269194331056,,,,,,,,,,,,,,,,,,,,,,
S004,264,17.6,0,0,0,,,,,,,,,,,,,,,,,,,,,,,,,
S004,265,17.666666666666668,1,0,0,0.4230591058731079,0.6793363690376282,0.7138642366373317,,,,,,,,,,,,,,,,,,,,,,
S004,266,17.733333333333334,1,0,0,0.42250072956085205,0.6786470413208008,0.7129021954634791,,,,,,,,,,,,,,,,,,,,,,
S004,267,17.8,0,0,0,,,,,,,,,,,,,,,,,,,,,,,,,
S004,268,17.866666666666667,0,0,0,,,,,,,,,,,,,,,,,,,,,,,,,
S004,269,17.933333333333334,1,0,0,0.4851471483707428,0.7381502985954285,0.4769314748017726,,,,,,,,,,,,,,,,,,,,,,
S004,270,18.0,1,0,0,0.4826066195964813,0.7362813949584961,0.47868316736736133,,,,,,,,,,,,,,,,,,,,,,
S004,271,18.066666666666666,1,0,0,0.6237977743148804,0.517305850982666,0.6460811168320634,,,,,,,,,,,,,,,,,,,,,,
S004,272,18.133333333333333,1,0,0,0.619075357913971,0.521681010723114,0.6570393768997813,,,,,,,,,,,,,,,,,,,,,,
S004,273,18.2,1,0,0,0.6479875445365906,0.557854413986206,0.6721313823220164,,,,,,,,,,,,,,,,,,,,,,
S004,274,18.266666666666666,1,0,0,0.6252555251121521,0.6192871928215027,0.6268511456849353,,,,,,,,,,,,,,,,,,,,,,
S004,275,18.333333333333332,1,0,0,0.6374043226242065,0.625881016254425,0.6286439777309986,,,,,,,,,,,,,,,,,,,,,,
S004,276,18.4,0,0,0,,,,,,,,,,,,,,,,,,,,,,,,,
S004,277,18.466666666666665,0,0,0,,,,,,,,,,,,,,,,,,,,,,,,,
S004,278,18.533333333333335,0,0,0,,,,,,,,,,,,,,,,,,,,,,,,,
S004,279,18.6,0,0,0,,,,,,,,,,,,,,,,,,,,,,,,,
S004,280,18.666666666666668,0,0,0,,,,,,,,,,,,,,,,,,,,,,,,,
S004,281,18.733333333333334,0,0,0,,,,,,,,,,,,,,,,,,,,,,,,,
S004,282,18.8,0,0,0,,,,,,,,,,,,,,,,,,,,,,,,,
S004,283,18.866666666666667,0,0,0,,,,,,,,,,,,,,,,,,,,,,,,,
S004,284,18.933333333333334,0,0,0,,,,,,,,,,,,,,,,,,,,,,,,,
S004,285,19.0,0,0,0,,,,,,,,,,,,,,,,,,,,,,,,,
S004,286,19.066666666666666,0,0,0,,,,,,,,,,,,,,,,,,,,,,,,,
S004,287,19.133333333333333,0,0,0,,,,,,,,,,,,,,,,,,,,,,,,,
S004,288,19.2,0,0,0,,,,,,,,,,,,,,,,,,,,,,,,,
S004,289,19.266666666666666,0,0,0,,,,,,,,,,,,,,,,,,,,,,,,,
S004,290,19.333333333333332,0,0,0,,,,,,,,,,,,,,,,,,,,,,,,,
S004,291,19.4,0,0,0,,,,,,,,,,,,,,,,,,,,,,,,,
S004,292,19.466666666666665,0,0,0,,,,,,,,,,,,,,,,,,,,,,,,,
S004,293,19.533333333333335,1,0,0,0.7960627675056458,0.5559840798377991,0.2966082457908072,,,,,,,,,,,,,,,,,,,,,,
S004,294,19.6,1,0,0,0.6683896780014038,0.6526742577552795,0.5655389089715602,,,,,,,,,,,,,,,,,,,,,,
S004,295,19.666666666666668,1,0,0,0.6763854026794434,0.6459061503410339,0.5445236920931956,,,,,,,,,,,,,,,,,,,,,,
S004,296,19.733333333333334,0,0,0,,,,,,,,,,,,,,,,,,,,,,,,,
S004,297,19.8,0,0,0,,,,,,,,,,,,,,,,,,,,,,,,,
S004,298,19.866666666666667,0,0,0,,,,,,,,,,,,,,,,,,,,,,,,,
S004,299,19.933333333333334,0,0,0,,,,,,,,,,,,,,,,,,,,,,,,,
S004,300,20.0,1,0,0,0.5453613996505737,0.6459261775016785,0.5160707640216492,,,,,,,,,,,,,,,,,,,,,,
S004,301,20.066666666666666,1,0,0,0.5601406693458557,0.6514296531677246,0.5110912154822659,,,,,,,,,,,,,,,,,,,,,,
S004,302,20.133333333333333,1,0,0,0.5293723940849304,0.5308282375335693,0.5242841209689534,,,,,,,,,,,,,,,,,,,,,,
S004,303,20.2,1,0,0,0.633290708065033,0.5421217083930969,0.46874093778204423,,,,,,,,,,,,,,,,,,,,,,
S004,304,20.266666666666666,1,0,0,0.632012665271759,0.5432984828948975,0.4759089240407942,,,,,,,,,,,,,,,,,,,,,,
S004,305,20.333333333333332,0,0,0,,,,,,,,,,,,,,,,,,,,,,,,,
S004,306,20.4,0,0,0,,,,,,,,,,,,,,,,,,,,,,,,,
S004,307,20.466666666666665,1,0,0,0.7034030556678772,0.46608513593673706,0.48032956524082865,,,,,,,,,,,,,,,,,,,,,,
S004,308,20.533333333333335,1,0,0,0.7025495171546936,0.46719223260879517,0.48056882787576566,,,,,,,,,,,,,,,,,,,,,,
S004,309,20.6,1,0,0,0.6946037411689758,0.34011220932006836,0.35393646781837146,,,,,,,,,,,,,,,,,,,,,,
S004,310,20.666666666666668,1,0,0,0.694874107837677,0.3401747941970825,0.3542690920835998,,,,,,,,,,,,,,,,,,,,,,
S004,311,20.733333333333334,1,0,0,0.6195192933082581,0.4378626346588135,0.46493060975125244,,,,,,,,,,,,,,,,,,,,,,
S004,312,20.8,0,0,0,,,,,,,,,,,,,,,,,,,,,,,,,
S004,313,20.866666666666667,0,0,0,,,,,,,,,,,,,,,,,,,,,,,,,
S004,314,20.933333333333334,1,0,0,0.6190846562385559,0.5441394448280334,0.5448689222016511,,,,,,,,,,,,,,,,,,,,,,
S004,315,21.0,1,0,0,0.616936445236206,0.5433841347694397,0.548519354922114,,,,,,,,,,,,,,,,,,,,,,
S004,316,21.066666666666666,0,0,0,,,,,,,,,,,,,,,,,,,,,,,,,
S004,317,21.133333333333333,0,0,0,,,,,,,,,,,,,,,,,,,,,,,,,
S004,318,21.2,0,0,0,,,,,,,,,,,,,,,,,,,,,,,,,
S004,319,21.266666666666666,0,0,0,,,,,,,,,,,,,,,,,,,,,,,,,
S004,320,21.333333333333332,0,0,0,,,,,,,,,,,,,,,,,,,,,,,,,
S004,321,21.4,0,0,0,,,,,,,,,,,,,,,,,,,,,,,,,
S004,322,21.466666666666665,0,0,0,,,,,,,,,,,,,,,,,,,,,,,,,
S004,323,21.533333333333335,0,0,0,,,,,,,,,,,,,,,,,,,,,,,,,
S004,324,21.6,0,0,0,,,,,,,,,,,,,,,,,,,,,,,,,
S004,325,21.666666666666668,0,0,0,,,,,,,,,,,,,,,,,,,,,,,,,
S004,326,21.733333333333334,0,0,0,,,,,,,,,,,,,,,,,,,,,,,,,
S004,327,21.8,1,0,0,0.7932500243186951,0.6903436183929443,0.49650070560701004,,,,,,,,,,,,,,,,,,,,,,
S004,328,21.866666666666667,1,0,0,0.7970767617225647,0.6882389187812805,0.4929541368781876,,,,,,,,,,,,,,,,,,,,,,
S004,329,21.933333333333334,0,0,0,,,,,,,,,,,,,,,,,,,,,,,,,
S004,330,22.0,0,0,0,,,,,,,,,,,,,,,,,,,,,,,,,
S004,331,22.066666666666666,0,0,0,,,,,,,,,,,,,,,,,,,,,,,,,
S004,332,22.133333333333333,0,0,0,,,,,,,,,,,,,,,,,,,,,,,,,
S004,333,22.2,0,0,0,,,,,,,,,,,,,,,,,,,,,,,,,
S004,334,22.266666666666666,0,0,0,,,,,,,,,,,,,,,,,,,,,,,,,
S004,335,22.333333333333332,0,0,0,,,,,,,,,,,,,,,,,,,,,,,,,
S004,336,22.4,0,0,0,,,,,,,,,,,,,,,,,,,,,,,,,
S004,337,22.466666666666665,0,0,0,,,,,,,,,,,,,,,,,,,,,,,,,
S004,338,22.533333333333335,0,0,0,,,,,,,,,,,,,,,,,,,,,,,,,
S004,339,22.6,0,0,0,,,,,,,,,,,,,,,,,,,,,,,,,
S004,340,22.666666666666668,0,0,0,,,,,,,,,,,,,,,,,,,,,,,,,
S004,341,22.733333333333334,1,0,0,0.2903768718242645,0.6780727505683899,0.49234930557780016,,,,,,,,,,,,,,,,,,,,,,
S004,342,22.8,1,0,0,0.29438716173171997,0.6748701930046082,0.48921187831107066,,,,,,,,,,,,,,,,,,,,,,
S004,343,22.866666666666667,0,0,0,,,,,,,,,,,,,,,,,,,,,,,,,
S004,344,22.933333333333334,0,0,0,,,,,,,,,,,,,,,,,,,,,,,,,
S004,345,23.0,1,0,0,0.5902184844017029,0.5920212268829346,0.4095752148249997,,,,,,,,,,,,,,,,,,,,,,
S004,346,23.066666666666666,1,0,0,0.5808270573616028,0.5763552188873291,0.4027542466192578,,,,,,,,,,,,,,,,,,,,,,
S004,347,23.133333333333333,0,0,0,,,,,,,,,,,,,,,,,,,,,,,,,
S004,348,23.2,0,0,0,,,,,,,,,,,,,,,,,,,,,,,,,
S004,349,23.266666666666666,0,0,0,,,,,,,,,,,,,,,,,,,,,,,,,
S004,350,23.333333333333332,0,0,0,,,,,,,,,,,,,,,,,,,,,,,,,
S004,351,23.4,0,0,0,,,,,,,,,,,,,,,,,,,,,,,,,
S004,352,23.466666666666665,0,0,0,,,,,,,,,,,,,,,,,,,,,,,,,
S004,353,23.533333333333335,0,0,0,,,,,,,,,,,,,,,,,,,,,,,,,
S004,354,23.6,0,0,0,,,,,,,,,,,,,,,,,,,,,,,,,
S004,355,23.666666666666668,0,0,0,,,,,,,,,,,,,,,,,,,,,,,,,
S004,356,23.733333333333334,0,0,0,,,,,,,,,,,,,,,,,,,,,,,,,
S004,357,23.8,0,0,0,,,,,,,,,,,,,,,,,,,,,,,,,
S004,358,23.866666666666667,0,0,0,,,,,,,,,,,,,,,,,,,,,,,,,
S004,359,23.933333333333334,1,0,1,0.5705270171165466,0.375274121761322,0.1324553350974317,,,,,,,,,,,,0.09205493330955505,0.31066790223121643,3.645109082366276,3.6175062960659887,3.4748929439175145,3.5953930821040654,0.07851135268669188,0.18286043365613958,,,
S004,360,24.0,1,0,1,0.5625442266464233,0.3740541338920593,0.12409770223237102,,,,,,,,,,,,0.09250792860984802,0.30753493309020996,3.825371706871168,3.8103814392481787,3.6732269901470485,3.8663864781941504,0.18359053636780515,0.18712945175808662,0.0011512912780180032,0.3826278321892314,0.18026262450489172
S004,361,24.066666666666666,0,0,0,,,,,,,,,,,,,,,,,,,,,,,,,
S004,362,24.133333333333333,0,0,0,,,,,,,,,,,,,,,,,,,,,,,,,
S004,363,24.2,1,0,0,0.877903401851654,0.5951862335205078,0.4821665871537913,,,,,,,,,,,,,,,,,,,,,,
S004,364,24.266666666666666,1,0,0,0.8755649924278259,0.594936192035675,0.48580978059973073,,,,,,,,,,,,,,,,,,,,,,
S004,365,24.333333333333332,1,0,0,0.569140613079071,0.31743329763412476,0.09538891580674361,,,,,,,,,,,,,,,,,,,,,,
S004,366,24.4,1,0,0,0.5353308916091919,0.33225661516189575,0.09192662388603264,,,,,,,,,,,,,,,,,,,,,,
S004,367,24.466666666666665,1,0,0,0.5339846611022949,0.3332422971725464,0.09092594357953752,,,,,,,,,,,,,,,,,,,,,,
S004,368,24.533333333333335,1,0,0,0.8626267910003662,0.6242279410362244,0.5912606538272484,,,,,,,,,,,,,,,,,,,,,,
S004,369,24.6,1,0,0,0.8628056645393372,0.6232995390892029,0.591283883188741,,,,,,,,,,,,,,,,,,,,,,
S004,370,24.666666666666668,0,0,0,,,,,,,,,,,,,,,,,,,,,,,,,
S004,371,24.733333333333334,0,0,0,,,,,,,,,,,,,,,,,,,,,,,,,
S004,372,24.8,0,0,0,,,,,,,,,,,,,,,,,,,,,,,,,
S004,373,24.866666666666667,0,0,0,,,,,,,,,,,,,,,,,,,,,,,,,
S004,374,24.933333333333334,0,0,0,,,,,,,,,,,,,,,,,,,,,,,,,
S004,375,25.0,0,0,0,,,,,,,,,,,,,,,,,,,,,,,,,
S004,376,25.066666666666666,0,0,0,,,,,,,,,,,,,,,,,,,,,,,,,
S004,377,25.133333333333333,0,0,1,,,,,,,,,,,,,,,0.3630126416683197,0.8895810842514038,,,,,,,,,
S004,378,25.2,0,0,1,,,,,,,,,,,,,,,0.3675895631313324,0.8882874846458435,,,,,,,,,
S004,379,25.266666666666666,0,0,1,,,,,,,,,,,,,,,0.35951465368270874,0.8838353753089905,,,,,,,,,
S004,380,25.333333333333332,0,0,1,,,,,,,,,,,,,,,0.35797345638275146,0.8679778575897217,,,,,,,,,
S004,381,25.4,1,0,0,0.6672516465187073,0.8275039792060852,0.4169243711955363,,,,,,,,,,,,,,,,,,,,,,
S004,382,25.466666666666665,1,0,0,0.6677675843238831,0.8226227760314941,0.41389771145994464,,,,,,,,,,,,,,,,,,,,,,
S004,383,25.533333333333335,0,0,0,,,,,,,,,,,,,,,,,,,,,,,,,
S004,384,25.6,0,0,0,,,,,,,,,,,,,,,,,,,,,,,,,
S004,385,25.666666666666668,0,0,0,,,,,,,,,,,,,,,,,,,,,,,,,
S004,386,25.733333333333334,1,0,0,0.5837119817733765,0.7482850551605225,0.36210224432652716,,,,,,,,,,,,,,,,,,,,,,
S004,387,25.8,1,0,0,0.5849815607070923,0.7564265131950378,0.3636512964530434,,,,,,,,,,,,,,,,,,,,,,
S004,388,25.866666666666667,0,0,0,,,,,,,,,,,,,,,,,,,,,,,,,
S004,389,25.933333333333334,0,0,0,,,,,,,,,,,,,,,,,,,,,,,,,
S004,390,26.0,0,0,0,,,,,,,,,,,,,,,,,,,,,,,,,
S004,391,26.066666666666666,0,0,0,,,,,,,,,,,,,,,,,,,,,,,,,
S004,392,26.133333333333333,0,0,0,,,,,,,,,,,,,,,,,,,,,,,,,
S004,393,26.2,0,0,0,,,,,,,,,,,,,,,,,,,,,,,,,
S004,394,26.266666666666666,0,0,0,,,,,,,,,,,,,,,,,,,,,,,,,
S004,395,26.333333333333332,0,0,0,,,,,,,,,,,,,,,,,,,,,,,,,
S004,396,26.4,0,0,0,,,,,,,,,,,,,,,,,,,,,,,,,
S004,397,26.466666666666665,0,0,0,,,,,,,,,,,,,,,,,,,,,,,,,
S004,398,26.533333333333335,0,0,0,,,,,,,,,,,,,,,,,,,,,,,,,
S004,399,26.6,0,0,0,,,,,,,,,,,,,,,,,,,,,,,,,
S004,400,26.666666666666668,0,0,0,,,,,,,,,,,,,,,,,,,,,,,,,
S004,401,26.733333333333334,0,0,0,,,,,,,,,,,,,,,,,,,,,,,,,
S004,402,26.8,0,0,0,,,,,,,,,,,,,,,,,,,,,,,,,
S004,403,26.866666666666667,0,0,0,,,,,,,,,,,,,,,,,,,,,,,,,
S004,404,26.933333333333334,0,0,0,,,,,,,,,,,,,,,,,,,,,,,,,
S004,405,27.0,0,0,0,,,,,,,,,,,,,,,,,,,,,,,,,
S004,406,27.066666666666666,0,1,0,,,,0.4546051025390625,0.11284621804952621,,,,,,,,,,,,,,,,,,,,
S004,407,27.133333333333333,0,0,1,,,,,,,,,,,,,,,0.4591015577316284,0.11335887014865875,,,,,,,,,
S004,408,27.2,0,0,0,,,,,,,,,,,,,,,,,,,,,,,,,
S004,409,27.266666666666666,0,0,0,,,,,,,,,,,,,,,,,,,,,,,,,
S004,410,27.333333333333332,0,1,0,,,,0.3579269051551819,0.31181785464286804,,,,,,,,,,,,,,,,,,,,
S004,411,27.4,0,0,0,,,,,,,,,,,,,,,,,,,,,,,,,
S004,412,27.466666666666665,0,0,0,,,,,,,,,,,,,,,,,,,,,,,,,
S004,413,27.533333333333335,0,0,0,,,,,,,,,,,,,,,,,,,,,,,,,
S004,414,27.6,0,0,0,,,,,,,,,,,,,,,,,,,,,,,,,
S004,415,27.666666666666668,1,0,0,0.35493141412734985,0.7363972067832947,0.6418310269921896,,,,,,,,,,,,,,,,,,,,,,
S004,416,27.733333333333334,1,0,0,0.3503524363040924,0.742323100566864,0.6509540019896574,,,,,,,,,,,,,,,,,,,,,,
S004,417,27.8,1,0,0,0.15937663614749908,0.2916959524154663,0.17263250147354908,,,,,,,,,,,,,,,,,,,,,,
S004,418,27.866666666666667,1,0,0,0.15740185976028442,0.2913411855697632,0.17358538183667613,,,,,,,,,,,,,,,,,,,,,,
S004,419,27.933333333333334,0,0,1,,,,,,,,,,,,,,,0.20472949743270874,0.1324193775653839,,,,,,,,,
S004,420,28.0,0,0,0,,,,,,,,,,,,,,,,,,,,,,,,,
S004,421,28.066666666666666,0,0,0,,,,,,,,,,,,,,,,,,,,,,,,,
S004,422,28.133333333333333,1,0,0,0.5291332602500916,0.5827481150627136,0.13463901738901551,,,,,,,,,,,,,,,,,,,,,,
S004,423,28.2,1,0,0,0.5291356444358826,0.582749605178833,0.1346403424056653,,,,,,,,,,,,,,,,,,,,,,
S004,424,28.266666666666666,1,0,0,0.5662227272987366,0.6276286244392395,0.06847404629817846,,,,,,,,,,,,,,,,,,,,,,
S004,425,28.333333333333332,1,0,0,0.566109836101532,0.6275992393493652,0.06860432062135888,,,,,,,,,,,,,,,,,,,,,,
S004,426,28.4,0,1,0,,,,0.447306752204895,0.9115456342697144,,,,,,,,,,,,,,,,,,,,
S004,427,28.466666666666665,0,1,0,,,,0.45888078212738037,0.891524612903595,,,,,,,,,,,,,,,,,,,,
S004,428,28.533333333333335,0,1,0,,,,0.47350063920021057,0.8662841320037842,,,,,,,,,,,,,,,,,,,,
S004,429,28.6,0,1,0,,,,0.47766053676605225,0.8577412366867065,,,,,,,,,,,,,,,,,,,,
S004,430,28.666666666666668,0,1,0,,,,0.48874565958976746,0.8829899430274963,,,,,,,,,,,,,,,,,,,,
S004,431,28.733333333333334,0,1,0,,,,0.5194211602210999,0.9069256782531738,,,,,,,,,,,,,,,,,,,,
S004,432,28.8,1,1,0,0.786493182182312,0.5511908531188965,0.07380317160978907,0.5246536731719971,0.9128519892692566,6.049821728042319,3.271145431419078,3.375825575610794,3.681390184087501,0.49248917969701306,0.1232375924743101,-0.3519748891995911,1.606783902936802,,,,,,,,,,,,
S004,433,28.866666666666667,0,0,1,,,,,,,,,,,,,,,0.6015252470970154,0.9706116318702698,,,,,,,,,
S004,434,28.933333333333334,0,0,1,,,,,,,,,,,,,,,0.6060893535614014,0.957504391670227,,,,,,,,,
S004,435,29.0,0,1,0,,,,0.584670901298523,0.9492837190628052,,,,,,,,,,,,,,,,,,,,
S004,436,29.066666666666666,0,1,0,,,,0.5829731225967407,0.9445340633392334,,,,,,,,,,,,,,,,,,,,
S004,437,29.133333333333333,0,0,0,,,,,,,,,,,,,,,,,,,,,,,,,
S004,438,29.2,0,0,0,,,,,,,,,,,,,,,,,,,,,,,,,
S004,439,29.266666666666666,1,0,0,0.6500090956687927,0.8500325083732605,0.11365886563712707,,,,,,,,,,,,,,,,,,,,,,
S004,440,29.333333333333332,0,0,0,,,,,,,,,,,,,,,,,,,,,,,,,
S004,441,29.4,0,0,0,,,,,,,,,,,,,,,,,,,,,,,,,
S004,442,29.466666666666665,0,0,0,,,,,,,,,,,,,,,,,,,,,,,,,
S004,443,29.533333333333335,0,0,0,,,,,,,,,,,,,,,,,,,,,,,,,
S004,444,29.6,0,0,0,,,,,,,,,,,,,,,,,,,,,,,,,
S004,445,29.666666666666668,0,0,0,,,,,,,,,,,,,,,,,,,,,,,,,
S004,446,29.733333333333334,1,0,0,0.5750563144683838,0.7139172554016113,0.18298956481017187,,,,,,,,,,,,,,,,,,,,,,
S004,447,29.8,1,0,0,0.5771913528442383,0.7114554047584534,0.18201735402436278,,,,,,,,,,,,,,,,,,,,,,
S004,448,29.866666666666667,0,0,0,,,,,,,,,,,,,,,,,,,,,,,,,
S004,449,29.933333333333334,1,0,0,0.5118560194969177,0.9014561772346497,0.22406374800175782,,,,,,,,,,,,,,,,,,,,,,
S004,450,30.0,0,0,0,,,,,,,,,,,,,,,,,,,,,,,,,
S004,451,30.066666666666666,0,0,0,,,,,,,,,,,,,,,,,,,,,,,,,
S004,452,30.133333333333333,0,0,0,,,,,,,,,,,,,,,,,,,,,,,,,
S004,453,30.2,0,0,0,,,,,,,,,,,,,,,,,,,,,,,,,
S004,454,30.266666666666666,0,0,0,,,,,,,,,,,,,,,,,,,,,,,,,
S004,455,30.333333333333332,0,0,0,,,,,,,,,,,,,,,,,,,,,,,,,
S004,456,30.4,0,0,0,,,,,,,,,,,,,,,,,,,,,,,,,
S004,457,30.466666666666665,1,0,0,0.45693811774253845,0.48716211318969727,0.445124469680257,,,,,,,,,,,,,,,,,,,,,,
S004,458,30.533333333333335,0,0,0,,,,,,,,,,,,,,,,,,,,,,,,,
S004,459,30.6,0,0,0,,,,,,,,,,,,,,,,,,,,,,,,,
S004,460,30.666666666666668,0,0,0,,,,,,,,,,,,,,,,,,,,,,,,,
S004,461,30.733333333333334,0,0,0,,,,,,,,,,,,,,,,,,,,,,,,,
S004,462,30.8,0,0,0,,,,,,,,,,,,,,,,,,,,,,,,,
S004,463,30.866666666666667,0,0,0,,,,,,,,,,,,,,,,,,,,,,,,,
S004,464,30.933333333333334,0,0,0,,,,,,,,,,,,,,,,,,,,,,,,,
S004,465,31.0,0,0,0,,,,,,,,,,,,,,,,,,,,,,,,,
S004,466,31.066666666666666,1,0,0,0.6060642600059509,0.5060563683509827,0.4601926973785856,,,,,,,,,,,,,,,,,,,,,,
S004,467,31.133333333333333,1,0,0,0.7838614583015442,0.5403420925140381,0.20510475089483204,,,,,,,,,,,,,,,,,,,,,,
S004,468,31.2,1,0,0,0.7823521494865417,0.5451554656028748,0.20344776885784288,,,,,,,,,,,,,,,,,,,,,,
S004,469,31.266666666666666,0,0,0,,,,,,,,,,,,,,,,,,,,,,,,,
S004,470,31.333333333333332,0,0,0,,,,,,,,,,,,,,,,,,,,,,,,,
S004,471,31.4,0,0,0,,,,,,,,,,,,,,,,,,,,,,,,,
S004,472,31.466666666666665,0,0,0,,,,,,,,,,,,,,,,,,,,,,,,,
S004,473,31.533333333333335,0,0,0,,,,,,,,,,,,,,,,,,,,,,,,,
S004,474,31.6,0,0,0,,,,,,,,,,,,,,,,,,,,,,,,,
S004,475,31.666666666666668,0,0,0,,,,,,,,,,,,,,,,,,,,,,,,,
S004,476,31.733333333333334,0,0,0,,,,,,,,,,,,,,,,,,,,,,,,,
S004,477,31.8,0,0,0,,,,,,,,,,,,,,,,,,,,,,,,,
S004,478,31.866666666666667,0,0,0,,,,,,,,,,,,,,,,,,,,,,,,,
S004,479,31.933333333333334,0,0,0,,,,,,,,,,,,,,,,,,,,,,,,,
S004,480,32.0,0,0,0,,,,,,,,,,,,,,,,,,,,,,,,,
S004,481,32.06666666666667,0,0,0,,,,,,,,,,,,,,,,,,,,,,,,,
S004,482,32.13333333333333,0,0,0,,,,,,,,,,,,,,,,,,,,,,,,,
S004,483,32.2,0,0,0,,,,,,,,,,,,,,,,,,,,,,,,,
S004,484,32.266666666666666,0,0,0,,,,,,,,,,,,,,,,,,,,,,,,,
S004,485,32.333333333333336,0,0,0,,,,,,,,,,,,,,,,,,,,,,,,,
S004,486,32.4,0,0,0,,,,,,,,,,,,,,,,,,,,,,,,,
S004,487,32.46666666666667,0,0,0,,,,,,,,,,,,,,,,,,,,,,,,,
S004,488,32.53333333333333,0,0,0,,,,,,,,,,,,,,,,,,,,,,,,,
S004,489,32.6,1,0,0,0.5388256907463074,0.7288484573364258,0.5038199733484983,,,,,,,,,,,,,,,,,,,,,,
S004,490,32.666666666666664,1,0,0,0.5414370894432068,0.7229605317115784,0.495859517005615,,,,,,,,,,,,,,,,,,,,,,
S004,491,32.733333333333334,1,0,0,0.46776992082595825,0.4594518542289734,0.3221448673218502,,,,,,,,,,,,,,,,,,,,,,
S004,492,32.8,1,0,0,0.46927782893180847,0.4489036202430725,0.31258797035549535,,,,,,,,,,,,,,,,,,,,,,
S004,493,32.86666666666667,1,0,0,0.5233465433120728,0.46582645177841187,0.37832539654081215,,,,,,,,,,,,,,,,,,,,,,
S004,494,32.93333333333333,1,0,0,0.6059043407440186,0.41554033756256104,0.26798734148342573,,,,,,,,,,,,,,,,,,,,,,
S004,495,33.0,1,0,0,0.6071227192878723,0.4140312671661377,0.2732972733522678,,,,,,,,,,,,,,,,,,,,,,
S004,496,33.06666666666667,1,1,0,0.6396511197090149,0.31398993730545044,0.3124215621488855,0.4247773289680481,0.298799991607666,0.6894851528915881,0.6270467219212463,0.39333684796819407,0.8488372488275996,0.3195631192642646,0.2362933782450949,,,,,,,,,,,,,,
S004,497,33.13333333333333,1,1,0,0.6389014720916748,0.3132328391075134,0.313869161456761,0.424852192401886,0.2879411578178406,0.6867138825132812,0.5894976519192168,0.41792911321510495,0.6456787080006928,0.21994780164950797,0.18485489692730964,-0.057341581177920306,0.5189626690160212,-0.0027712703783068227,,,,,,,,,,,
S004,498,33.2,1,0,1,0.6293692588806152,0.32887691259384155,0.2734544574971566,,,,,,,,,,,,0.4428412914276123,0.3111919164657593,0.6851761130811264,0.41788087408187646,0.34706550005547776,0.6168231989356877,0.2080293280861468,0.15246998634161749,,,
S004,499,33.266666666666666,1,0,0,0.6297136545181274,0.3294718861579895,0.27171897758378866,,,,,,,,,,,,,,,,,,,,,,
S004,500,33.333333333333336,1,1,0,0.638018012046814,0.4099484086036682,0.32342700148451475,0.40959206223487854,0.33985966444015503,0.7387661146458971,0.7036698177920785,0.4966392725361752,1.0031961773170988,0.3395374479998576,0.22402778216684371,,,,,,,,,,,,,,
S004,501,33.4,1,0,0,0.6352493762969971,0.4077383875846863,0.3260065469547701,,,,,,,,,,,,,,,,,,,,,,
S004,502,33.46666666666667,1,0,0,0.5931515693664551,0.46343475580215454,0.3358876475641722,,,,,,,,,,,,,,,,,,,,,,
S004,503,33.53333333333333,1,0,0,0.6230530142784119,0.5168495774269104,0.2611728309755176,,,,,,,,,,,,,,,,,,,,,,
S004,504,33.6,1,0,0,0.6240735054016113,0.5171782374382019,0.2624127542520742,,,,,,,,,,,,,,,,,,,,,,
S004,505,33.666666666666664,1,0,0,0.6360372304916382,0.5857383608818054,0.26292928149962524,,,,,,,,,,,,,,,,,,,,,,
S004,506,33.733333333333334,1,0,0,0.6356275081634521,0.5856204628944397,0.26746066075795516,,,,,,,,,,,,,,,,,,,,,,
S004,507,33.8,1,0,0,0.6372146606445312,0.6136723160743713,0.25602257224229213,,,,,,,,,,,,,,,,,,,,,,
S004,508,33.86666666666667,1,0,0,0.6372038722038269,0.6136207580566406,0.2557572787433171,,,,,,,,,,,,,,,,,,,,,,
S004,509,33.93333333333333,1,0,0,0.7135425209999084,0.7046858668327332,0.315108464333543,,,,,,,,,,,,,,,,,,,,,,
S004,510,34.0,1,0,0,0.7138878703117371,0.7051917910575867,0.3123843954094116,,,,,,,,,,,,,,,,,,,,,,
S004,511,34.06666666666667,1,0,1,0.8552931547164917,0.6039009094238281,0.28070275437876974,,,,,,,,,,,,0.7398533225059509,0.5663584470748901,0.4324541384071663,1.7376271474073148,1.8093109540282495,0.9128596044573878,0.8322986092383762,0.12473404183243228,,,
S004,512,34.13333333333333,1,0,0,0.8003575205802917,0.540172278881073,0.16401310584542958,,,,,,,,,,,,,,,,,,,,,,
S004,513,34.2,1,0,0,0.8007164597511292,0.5393477082252502,0.15545930597799876,,,,,,,,,,,,,,,,,,,,,,
S004,514,34.266666666666666,1,0,0,0.8141406774520874,0.6684096455574036,0.3394188719339754,,,,,,,,,,,,,,,,,,,,,,
S004,515,34.333333333333336,1,0,0,0.813604474067688,0.6683681607246399,0.3471371853874841,,,,,,,,,,,,,,,,,,,,,,
S004,516,34.4,1,0,0,0.805742621421814,0.5992324948310852,0.2551899719971461,,,,,,,,,,,,,,,,,,,,,,
S004,517,34.46666666666667,1,0,0,0.8056291341781616,0.6081597805023193,0.2562941043510357,,,,,,,,,,,,,,,,,,,,,,
S004,518,34.53333333333333,1,0,0,0.7943408489227295,0.6096040606498718,0.20024101181746837,,,,,,,,,,,,,,,,,,,,,,
S004,519,34.6,1,0,0,0.7914842963218689,0.609567403793335,0.19987677052046784,,,,,,,,,,,,,,,,,,,,,,
S004,520,34.666666666666664,1,1,0,0.7571880221366882,0.530549943447113,0.22346964010918335,0.5580199956893921,0.5752040147781372,0.913378844537342,0.4278164036527829,0.4757183313643502,0.5588677264508183,0.1325668177311563,0.42965417821294616,,,,,,,,,,,,,,
S004,521,34.733333333333334,1,0,0,0.7146527171134949,0.5409025549888611,0.2595664011831679,,,,,,,,,,,,,,,,,,,,,,
S004,522,34.8,1,0,0,0.7149239778518677,0.5424856543540955,0.25956119860801596,,,,,,,,,,,,,,,,,,,,,,
S004,523,34.86666666666667,1,0,0,0.6206145286560059,0.6979093551635742,0.4135536080985131,,,,,,,,,,,,,,,,,,,,,,
S004,524,34.93333333333333,0,0,0,,,,,,,,,,,,,,,,,,,,,,,,,
S004,525,35.0,0,0,0,,,,,,,,,,,,,,,,,,,,,,,,,
S004,526,35.06666666666667,0,0,0,,,,,,,,,,,,,,,,,,,,,,,,,
S004,527,35.13333333333333,1,0,1,0.5130342841148376,0.667933464050293,0.33124594522652706,,,,,,,,,,,,0.20165565609931946,0.8576077222824097,1.100691949539858,0.32370276518470764,0.06035917059986411,0.42904613371422995,0.20281041437385997,0.34088492412846194,,,
S004,528,35.2,1,0,1,0.515758216381073,0.6800548434257507,0.338253383989243,,,,,,,,,,,,0.18461613357067108,0.8874280452728271,1.1550975526196017,0.22196197976885695,0.08384704298071259,0.5001675480587153,0.3074074317584519,0.17340216667628197,-1.342277422566102,1.523056228569965,0.054405603079743736
S004,529,35.266666666666666,1,1,1,0.5751601457595825,0.7673079371452332,0.4371214159514251,0.32111281156539917,0.5681849718093872,0.7384327360588449,0.8185874340060894,0.5375019411692966,0.7277196197566004,0.14101431559663266,0.3152672666593214,,,,0.25011998414993286,0.8358241319656372,0.7599331289174901,0.5383206246100785,0.36178488478098697,0.7593932666149378,0.24277960340866145,0.18405389156514648,2.5647052463793942,2.861526165786239,-0.3951644237021116
S004,530,35.333333333333336,1,0,1,0.6071579456329346,0.7101781964302063,0.36748190605974973,,,,,,,,,,,,0.2970067858695984,0.7967332005500793,0.8762400009281707,0.32466833572907433,0.23435646437048913,0.7581618937955686,0.43350054714271224,0.11373367283997306,2.2723112791440956,2.491749006100477,0.11630687201068057
S004,531,35.4,1,0,1,0.6104548573493958,0.708859384059906,0.3654494949120664,,,,,,,,,,,,0.3060641288757324,0.7803483009338379,0.8555846041506636,0.3714213861856972,0.24910734848568372,0.7572738953453562,0.38612424915078947,0.1389507245357843,0.5156788437711378,0.7684367926607232,-0.02065539677750705
S004,532,35.46666666666667,1,0,1,0.5540914535522461,0.6818060874938965,0.16993449001633604,,,,,,,,,,,,0.31758904457092285,0.7732678651809692,1.4921737032493019,0.8392999597187946,0.5656936178887995,1.3606354098390063,0.6344293654213219,0.2766592796462772,1.1742446023938031,1.1939423418232806,0.6365890990986383
S004,533,35.53333333333333,1,0,1,0.5537624955177307,0.6802012920379639,0.1695674246204965,,,,,,,,,,,,0.32050734758377075,0.7729350924491882,1.4803137560887225,0.8117430757606382,0.5247265933215994,1.4365788664309889,0.7107971686462062,0.29006127139925314,0.2507663961131638,0.259827148562893,-0.011859947160579365
S004,534,35.6,1,0,1,0.5386159420013428,0.6865653395652771,0.3246179989236497,,,,,,,,,,,,0.2886086106300354,0.7763487100601196,0.8183163209375806,0.42238478782028555,0.34434530833609067,0.5916136221745362,0.25690165641736346,0.08032647236773076,-1.440551654105217,1.4823979199160542,-0.661997435151142
S004,535,35.666666666666664,1,0,1,0.5419754385948181,0.6823049187660217,0.32045343568388585,,,,,,,,,,,,0.2867746353149414,0.7775430083274841,0.8500224915739473,0.4145166231685185,0.3071742025275891,0.5960094858801117,0.2567329939480283,0.10923754489490611,-0.09997370280314556,0.10244379129749946,0.031706170636366715
S004,536,35.733333333333334,1,0,1,0.550391435623169,0.5651835799217224,0.27161342604922806,,,,,,,,,,,,0.26424628496170044,0.7284619808197021,1.2129459289120752,0.21658330881529866,0.16862519179223592,0.558649983362252,0.3431273148129423,0.13915115941289694,0.262756273330351,2.982421815265249,0.36292343733812793
S004,537,35.8,1,0,1,0.5503065586090088,0.565209150314331,0.2715717559452464,,,,,,,,,,,,0.2617954909801483,0.7228392958641052,1.2105979078831441,0.27238250403616593,0.20061209839505084,0.6403251027044989,0.3809813058495278,0.14385108755722753,0.030110432664386844,0.3387830667241933,-0.0023480210289310577
S004,538,35.86666666666667,1,0,1,0.5193352699279785,0.581402599811554,0.2864524553977412,,,,,,,,,,,,0.2635115385055542,0.6581398248672485,0.9323884953299747,0.4233463324902962,0.3553032380063316,0.7268226092738931,0.3483567321061749,0.0918435669012164,1.059482111941382,3.3891605806595795,-0.27820941255316944
S004,539,35.93333333333333,1,0,1,0.5085828900337219,0.4781988859176636,0.2646368094736294,,,,,,,,,,,,0.2599712312221527,0.5930451154708862,1.0348392450863673,0.25650903091441435,0.12899429477440041,0.5540472915620662,0.3484548080250148,0.13830406556224356,1.365149119695626,3.6951158733539917,0.10245074975639257
S004,540,36.0,1,0,1,0.508348286151886,0.4759010672569275,0.26474172044209204,,,,,,,,,,,,0.2684069275856018,0.5835458040237427,0.9933510029981787,0.2831007505980542,0.1503586057681209,0.5849117248891055,0.384848135723993,0.14322989886093745,0.6563908428125927,0.7198098745082474,-0.041488242088188576
S004,541,36.06666666666667,1,0,1,0.5176812410354614,0.45409899950027466,0.25215889624953725,,,,,,,,,,,,0.2734425365924835,0.5712675452232361,1.0742801623486349,0.34322934996044907,0.20121898318740697,0.511337551727534,0.24759770272040563,0.15157350867991734,0.585996444500178,0.7894282584873878,0.08092915935045619
S004,542,36.13333333333333,1,0,1,0.5159215927124023,0.4546535611152649,0.25274624814199115,,,,,,,,,,,,0.27757981419563293,0.5624096393585205,1.0349062929814985,0.30383029999528144,0.18663589488300508,0.47546741438998064,0.23895905260760983,0.12882034146867383,0.4403035537254569,0.5802151442764901,-0.03937386936713638
S004,543,36.2,1,0,1,0.5202136039733887,0.48390382528305054,0.2550761283560609,,,,,,,,,,,,0.27059751749038696,0.5896941423416138,1.0628530140656691,0.41403851700487343,0.3949500445005784,0.7208625812252997,0.31492813837640077,0.08410912782011948,-1.0041452523675902,1.6561964767641282,0.027946721084170623
S004,544,36.266666666666666,1,0,1,0.5211151838302612,0.48803138732910156,0.25264246731201184,,,,,,,,,,,,0.27423036098480225,0.574895441532135,1.0359312686103004,0.4952223763703091,0.4573824296723381,0.8103045638427874,0.3404201830358645,0.09281777185560652,0.4950804844662182,0.9047220367183267,-0.02692174545536874
S004,545,36.333333333333336,1,0,1,0.5268336534500122,0.47890377044677734,0.26066252393873895,,,,,,,,,,,,0.29192236065864563,0.6050752997398376,1.0229727239179898,0.2893634933231972,0.2956361757878602,0.6262097817861794,0.3788459167420875,0.09054781256924525,0.07514728797587966,2.0131370120073493,-0.012958544692310614
S004,546,36.4,1,0,1,0.5273644328117371,0.4788286089897156,0.2594140712957577,,,,,,,,,,,,0.2914333939552307,0.6147908568382263,1.0496866404609906,0.2934984068535456,0.3143816267250329,0.5271462399648664,0.3221442190717379,0.090672707503301,-0.3049952942469144,0.5624899420578435,0.026713916543000815
S004,547,36.46666666666667,1,0,0,0.5879563093185425,0.5121068954467773,0.21660657381698808,,,,,,,,,,,,,,,,,,,,,,
S004,548,36.53333333333333,1,0,0,0.6115460395812988,0.6018867492675781,0.1929270448694736,,,,,,,,,,,,,,,,,,,,,,
S004,549,36.6,1,0,0,0.612135648727417,0.602482795715332,0.19258481884022557,,,,,,,,,,,,,,,,,,,,,,
S004,550,36.666666666666664,1,0,0,0.5951386094093323,0.6300702095031738,0.1703849929730502,,,,,,,,,,,,,,,,,,,,,,
S004,551,36.733333333333334,1,0,0,0.5933797359466553,0.6323370337486267,0.17404784559568842,,,,,,,,,,,,,,,,,,,,,,
S004,552,36.8,1,0,0,0.6280291080474854,0.6034690737724304,0.11290517811346999,,,,,,,,,,,,,,,,,,,,,,
S004,553,36.86666666666667,1,0,0,0.6268240809440613,0.6036372780799866,0.1180564274423596,,,,,,,,,,,,,,,,,,,,,,
S004,554,36.93333333333333,1,0,0,0.6450925469398499,0.5831906795501709,0.09004582386530048,,,,,,,,,,,,,,,,,,,,,,
S004,555,37.0,1,0,0,0.6452457904815674,0.5833596587181091,0.09006599550421156,,,,,,,,,,,,,,,,,,,,,,
S004,556,37.06666666666667,1,0,0,0.6232154965400696,0.5870227813720703,0.1397365514882967,,,,,,,,,,,,,,,,,,,,,,
S004,557,37.13333333333333,1,0,0,0.6331809163093567,0.5873565077781677,0.17772636893997004,,,,,,,,,,,,,,,,,,,,,,
S004,558,37.2,1,0,0,0.6331948041915894,0.5873878598213196,0.17773068475346335,,,,,,,,,,,,,,,,,,,,,,
